Ri,Locus 1,NR 1,Locus 2,NR 2,Locus 3,NR 3,IR
R1,12,12,8,13,23,23,0.407407407
R2,11,15,9,13,10,10,0.058823529
R3,9,15,9,9,23,23,0.483870968
R4,12,12,8,8,10,9,0.466666667
